[
  {
    "text": "คําวินิจฉัย(คําสั่ง)ที่ 1/2566\nคําพิพากษาศาลปกครองสูงสุด\nคู่กรณี\nคําพิพากษาศาลฎีกา\nคู่กรณี\nกรมควบคุมมลพิษ\nผู้ร้อง\nพ.ร.บ.ว่าด้วยการวินิจฉัยชี้ขาดอํานาจหน้าที่ระหว่างศาล พ.ศ.2542\nข้อบังคับคณะกรรมการวินิจฉัยชี้ขาดอํานาจหน้าที่ระหว่างศาล ว่าด้วยวิธีการเสนอเรื่อง การพิจารณาและวินิจฉัย พ.ศ.2544\nพระราชบัญญัติว่าด้วยการวินิจฉัยชี้ขาดอํานาจหน้าที่ระหว่างศาล พ.ศ.\n\n2542 มาตรา 4 มาตรา 5 มาตรา 16 และข้อ\nบังคับคณะกรรมการวินิจฉัยชี้ขาดอํานาจหน้าที่ระหว่างศาล ว่าด้วยวิธีการเสนอเรื่อง การพิจารณาและวินิจฉัย พ.ศ.\n\n2544 ข้อ 6\nกําหนดหลักเกณฑ์เกี่ยวกับองค์ประกอบและองค์ประชุมของคณะกรรมการ ตลอดจนความมีส่วนได้เสียในเรื่องที่จะประชุมว่า\nคณะกรรมการวินิจฉัยชี้ขาดอํานาจหน้าที่ระหว่างศาล ประกอบด้วย ประธานศาลฎีกา เป็นประธานกรรมการ ประธานศาล\nปกครองสูงสุด หัวหน้าสํานักตุลาการทหาร และผู้ทรงคุณวุฒิอื่นอีกสี่คน ได้แก่ กรรมการผู้ทรงคุณวุฒิของศาลยุติธรรม กรรมการ\nผู้ทรงคุณวุฒิของศาลปกครอง กรรมการผู้ทรงคุณวุฒิของศาลทหาร และกรรมการผู้ทรงคุณวุฒิซึ่งเป็นบุคคลภายนอก โดยในการ\nประชุมของคณะกรรมการต้องมีกรรมการมาประชุมไม่น้อยกว่าสามในสี่ของจํานวนกรรมการทั้งหมด จึงจะเป็นองค์ประชุม ทั้งนี้\nในการประชุมคณะกรรมการ ถ้าคณะกรรมการคนใดมีผลประโยชน์ได้เสียในเรื่องที่ประชุม ห้ามกรรมการผู้นั้นออกเสียงลงคะแนน\nในเรื่องดังกล่าว\nการที่กรมควบคุมมลพิษ ผู้ร้อง ยื่นคําร้องต่อคณะกรรมการเพื่อขอให้ทบทวนและเพิกถอนคําวินิจฉัยชี้ขาดอํานาจหน้าที่\nระหว่างศาล (คําสั่ง) ที่ 60/2565 ลงวันที่ 20 ตุลาคม 2565 โดยอ้างว่าการประชุมเพื่อพิจารณารับเรื่องและทําคําวินิจฉัยชี้ขาด\nอํานาจหน้าที่ระหว่างศาล (คําสั่ง) ที่ 60/2565 เป็นไปโดยไม่ครบองค์ประกอบและองค์ประชุมของคณะกรรมการ อันเป็นการไม่\nชอบด้วยพระราชบัญญัติว่าด้วยการวินิจฉัยชี้ขาดอํานาจหน้าที่ระหว่างศาล พ.ศ. 2542 เมื่อข้อเท็จจริงปรากฏว่า ในการประชุม\nครั้งที่ 10/2565 เมื่อวันที่ 20 ตุลาคม 2565 มีคณะกรรมการมาประชุมครบจํานวน 7 ท่าน จึงถือว่าครบองค์ประชุมและครบองค์\nประกอบตามที่กฎหมายกําหนด อย่างไรก็ตาม เนื่องจากในการประชุมเรื่องดังกล่าวมีกรรมการที่ไม่อาจลงคะแนนเสียงด้วยเหตุที่\nเป็นผู้มีผลประโยชน์ได้เสียในเรื่องที่จะประชุมจํานวน 3 ท่าน การวินิจฉัยชี้ขาดในเรื่องดังกล่าวจึงเป็นการวินิจฉัยโดยกรรมการ\nเท่าที่เหลืออยู่จํานวน 4 ท่าน ซึ่งสามารถกระทําได้ตามกฎหมายโดยใช้เสียงข้างมาก ตามมาตรา 16 วรรคสาม แห่งพระราช\nบัญญัติว่าด้วยการวินิจฉัยชี้ขาดอํานาจหน้าที่ระหว่างศาล พ.ศ.",
    "metadata": {
      "judgment_id": "1/2566",
      "source": "23.txt",
      "case_title": null,
      "court": "ศาลปกครองสูงสุด",
      "section_refs": [
        "มาตรา 14",
        "มาตรา 16",
        "มาตรา 4",
        "มาตรา 5"
      ],
      "year": 2566,
      "chunk_index": 1,
      "chunk_total": 2
    }
  },
  {
    "text": "2542 ดังนั้น คําวินิจฉัยในส่วนขององค์ประกอบและองค์ประชุม\nของคณะกรรมการในการพิจารณาวินิจฉัยคดีนี้จึงชอบแล้ว\nส่วนที่ผู้ร้องอ้างว่า คําร้องของผู้ร้องเป็นไปตามเงื่อนไขที่มาตรา 14 แห่งพระราชบัญญัติว่าด้วยการวินิจฉัยชี้ขาดอํานาจ\nหน้าที่ระหว่างศาล พ.ศ.\n\n2542 กําหนด โดยเป็นกรณีคําพิพากษาศาลปกครองสูงสุด คดีหมายเลขแดงที่ อ.139-140/2565 กับคํา",
    "metadata": {
      "judgment_id": "1/2566",
      "source": "23.txt",
      "case_title": null,
      "court": "ศาลปกครองสูงสุด",
      "section_refs": [
        "มาตรา 14",
        "มาตรา 16",
        "มาตรา 4",
        "มาตรา 5"
      ],
      "year": 2566,
      "chunk_index": 2,
      "chunk_total": 2
    }
  },
  {
    "text": "พิพากษาศาลฎีกาที่ 8064/2560 ขัดแย้งกัน เมื่อข้อเท็จจริงตามคําร้องเป็นข้อเท็จจริงเดียวกับคําร้องเดิมของผู้ร้องตามคําวินิจฉัย\nชี้ขาดอํานาจหน้าที่ระหว่างศาล (คําสั่ง) ที่ 60/2565 มีลักษณะเป็นการโต้แย้งเหตุผลที่ระบุในคําวินิจฉัยชี้ขาดอํานาจหน้าที่\nระหว่างศาล (คําสั่ง) ที่ 60/2565 อันเป็นการขอให้คณะกรรมการพิจารณาวินิจฉัยซ้ําในเรื่องที่คณะกรรมการได้วินิจฉัยไว้แล้วซึ่ง\n\n--- Page 2 ---\nคําวินิจฉัยดังกล่าวถือเป็นที่สุด ตามมาตรา 14 วรรคสอง แห่งพระราชบัญญัติว่าด้วยการวินิจฉัยชี้ขาดอํานาจหน้าที่ระหว่างศาล\nพ.ศ. 2542 จึงเป็นการต้องห้ามตามข้อ 28 แห่งข้อบังคับคณะกรรมการวินิจฉัยชี้ขาดอํานาจหน้าที่ระหว่างศาล ว่าด้วยวิธีการ\nเสนอเรื่อง การพิจารณาและวินิจฉัย พ.ศ.\n\n2544 ให้จําหน่ายเรื่องออกจากสารบบความ\nแผนก\nหมายเลขคดีแดงศาลชั้นต้น",
    "metadata": {
      "judgment_id": "8064/2560",
      "source": "23.txt",
      "case_title": null,
      "court": "ศาลฎีกา",
      "section_refs": [
        "มาตรา 14"
      ],
      "year": 2566,
      "chunk_index": 1,
      "chunk_total": 1
    }
  }
]